,symbol,peersList
0,CMCSA,"['NFLX', 'TMUS', 'CHTR', 'ABNB', 'ZM', 'ATVI', 'NTES', 'BIDU', 'VOD', 'ROKU']"
1,KMI,"['CNQ', 'PXD', 'MPC', 'PSX', 'E', 'SLB', 'SU', 'VLO', 'EOG', 'TRP']"
2,INTC,"['ADBE', 'CSCO', 'ASML', 'AVGO', 'TXN', 'QCOM', 'AMAT', 'INTU', 'NVDA', 'MU']"
3,MU,"['AMD', 'LRCX', 'INTU', 'FISV', 'AMAT', 'ADSK', 'ADI', 'WDAY', 'TEAM', 'NXPI']"
4,GE,"['MMM', 'DE', 'LMT', 'RTX', 'CAT', 'BA', 'FDX', 'UNP', 'CNI', 'ITW']"
5,BAC,"['MA', 'JPM', 'V', 'WFC', 'MS', 'RY', 'SCHW', 'BLK', 'TD']"
6,AAPL,"['MSFT', 'NVDA', 'ASML', 'ADBE', 'INTC', 'CSCO', 'AVGO', 'TXN', 'QCOM', 'AMAT']"
7,MSFT,"['AAPL', 'NVDA', 'ASML', 'ADBE', 'INTC', 'CSCO', 'AVGO', 'TXN', 'QCOM', 'AMAT']"
8,SIRI,"['DISH', 'VIACA', 'VIAC', 'YNDX', 'FOX', 'FOXA', 'ZG', 'Z', 'TTWO']"
9,HPQ,"['TEL', 'APH', 'GLW', 'WIT', 'PLTR', 'PATH', 'MSI', 'STM', 'PANW', 'SNOW']"
10,CX,"['RPM', 'ACH', 'SID', 'WLK', 'CF', 'SMG', 'TECK', 'SBSW', 'MOS', 'RS']"
11,CZR,"['TSCO', 'ETSY', 'OZON', 'PTON', 'DKNG', 'EXPE', 'ULTA', 'POOL', 'LI', 'LKQ']"
12,F,"['RACE', 'LVS', 'CVNA', 'HMC', 'APTV', 'CMG', 'DHI', 'STLA', 'YUM', 'VFC']"
13,AMD,"['MU', 'LRCX', 'INTU', 'FISV', 'AMAT', 'ADSK', 'ADI', 'WDAY', 'TEAM', 'NXPI']"
14,SNAP,"['TWLO', 'RELX', 'AMX', 'AMOV', 'SPOT', 'BCE', 'TWTR', 'SE', 'DASH', 'PINS']"
15,FB,"['CMCSA', 'NFLX', 'GOOG', 'GOOGL', 'TMUS', 'CHTR', 'ABNB', 'ZM', 'ATVI', 'NTES']"
16,WFC,"['MS', 'C', 'RY', 'SCHW', 'BLK', 'TD', 'HSBC', 'AXP', 'GS', 'LFC']"
17,AIG,"['BK', 'BCS', 'LYG', 'PRU', 'BBDO', 'BBD', 'MFC', 'TRV', 'CM', 'ITUB']"
18,T,"['VZ', 'SE', 'SNAP', 'TWLO', 'RELX', 'AMX', 'AMOV', 'SPOT', 'BCE', 'TWTR']"
19,C,"['MS', 'RY', 'SCHW', 'BLK', 'TD', 'HSBC', 'AXP', 'GS', 'LFC', 'WFC']"
20,VALE,"['CTA-PB', 'RIO', 'SHW', 'LIN', 'ECL', 'FCX', 'APD', 'BBL', 'SCCO', 'NEM']"
21,MS,"['C', 'RY', 'SCHW', 'WFC', 'BLK', 'TD', 'HSBC', 'AXP', 'GS', 'LFC']"
22,JPM,"['V', 'MA', 'BAC', 'BRK-A', 'BRK-B', 'WFC', 'MS', 'RY', 'SCHW']"
23,ORCL,"['CRM', 'ACN', 'SAP', 'SHOP', 'IBM', 'SONY', 'SQ', 'NOW', 'FIS', 'UBER']"
24,NKE,"['TM', 'MCD', 'LOW', 'DIS', 'TJX', 'GM', 'HD', 'CPNG', 'NIO', 'CCZ']"
25,PG,"['WMT', 'KO', 'UL', 'PM', 'BUD', 'EL', 'TGT', 'DEO', 'MO', 'BTI']"
26,GSM,"['NXEO', 'HWKN', 'USLM', 'CSTE', 'USCR', 'PLL', 'MERC', 'ACET', 'ZEUS', 'GEVO']"
27,BBD,"['BBDO', 'MFC', 'PRU', 'TRV', 'BCS', 'MSCI', 'ALL', 'BBVA', 'AIG', 'AFL']"
28,PFE,"['ABT', 'ABBV', 'MRK', 'NVS', 'LLY', 'DHR', 'TMO', 'NVO', 'MDT', 'BMY']"
29,JD,"['SBUX', 'BKNG', 'MELI', 'PDD', 'TCOM', 'MAR', 'ROST', 'LULU', 'EBAY', 'ORLY']"
30,NOK,"['KEYS', 'FTV-PA', 'EPAM', 'ANET', 'U', 'CAJ', 'PANW', 'FTV', 'STM', 'MSI']"
31,TWTR,"['BCE', 'DASH', 'SPOT', 'PINS', 'RBLX', 'AMOV', 'AMX', 'RELX', 'ORAN', 'TWLO']"
32,AVGO,"['TXN', 'QCOM', 'CSCO', 'INTC', 'ADBE', 'AMAT', 'INTU', 'MU', 'ASML', 'AMD']"
33,AMAT,"['INTU', 'MU', 'AMD', 'LRCX', 'QCOM', 'FISV', 'TXN', 'ADSK', 'AVGO', 'ADI']"
34,ZNGA,"['PLTK', 'IQ', 'LBTYB', 'LBTYK', 'LBTYA', 'NWS', 'NWSA', 'LSXMA', 'LSXMK', 'LSXMB']"
35,XOM,"['CVX', 'RDS-A', 'RDS-B', 'TOT', 'PTR', 'BP', 'ENB', 'SNP', 'COP', 'EQNR']"
36,QCOM,"['TXN', 'AVGO', 'AMAT', 'INTU', 'MU', 'AMD', 'LRCX', 'CSCO', 'INTC', 'FISV']"
37,VIPS,"['AMCR', 'GPC', 'NVR', 'LB', 'MGM', 'DRI', 'ROL', 'KMX', 'QSR', 'XPEV']"
38,CSCO,"['INTC', 'ADBE', 'AVGO', 'ASML', 'TXN', 'QCOM', 'AMAT', 'INTU', 'MU', 'AMD']"
39,AXP,"['HSBC', 'TD', 'GS', 'BLK', 'LFC', 'SCHW', 'RY', 'HDB', 'GS-PN']"
40,BMY,"['AZN', 'MDT', 'NVO', 'CVS', 'TMO', 'DHR', 'LLY', 'ANTM', 'SYK', 'GSK']"
41,V,"['JPM', 'MA', 'BAC', 'BRK-A', 'BRK-B', 'WFC', 'MS', 'RY', 'SCHW']"
42,GRPN,"['ACMR', 'MTLS', 'EXTR', 'QADB', 'CSGS', 'PLUS', 'ACLS', 'QADA', 'FORTY', 'CMBM']"
43,GERN,"['SEEL', 'LABP', 'SGTX', 'TXMD', 'AMYT', 'APTO', 'JNCE', 'ATNX', 'ICAD', 'SIEN']"
44,KEY,"['STT-PG', 'RF', 'STT-PD', 'CFG', 'HIG-PG', 'MTB', 'HIG', 'CS', 'KB', 'IX']"
45,RF,"['STT-PD', 'KEY', 'STT-PG', 'CFG', 'HIG-PG', 'MTB', 'KB', 'IX', 'HIG', 'ALLY']"
46,KR,"['FMX', 'TSN', 'CCEP', 'HRL', 'EDU', 'MKC-V', 'MKC', 'TAL', 'K', 'CLX']"
47,HAL,"['DVN', 'PBA', 'OKE', 'CVE', 'EC', 'HES', 'OXY', 'BKR', 'ET', 'ETP-PE']"
48,BABA,"['HD', 'DIS', 'NKE', 'TM', 'MCD', 'LOW', 'TJX', 'GM', 'CPNG', 'NIO']"
49,MRO,"['TRGP', 'WES', 'SSL', 'PSXP', 'MMP', 'CCJ', 'CLR', 'XEC', 'OVV', 'COG']"
50,GILD,"['MRNA', 'ISRG', 'ILMN', 'VRTX', 'REGN', 'ALGN', 'WBA', 'IDXX', 'BNTX', 'BIIB']"
51,GM,"['TJX', 'CPNG', 'NIO', 'CCZ', 'STLA', 'HMC', 'RACE', 'F', 'LVS', 'CVNA']"
52,FCX,"['APD', 'ECL', 'SCCO', 'NEM', 'SHW', 'DOW', 'DD', 'PPG', 'GOLD', 'CRH']"
53,CRM,"['ACN', 'ORCL', 'SAP', 'SHOP', 'IBM', 'SONY', 'SQ', 'NOW', 'FIS', 'UBER']"
54,ATVI,"['NTES', 'BIDU', 'ZM', 'VOD', 'ABNB', 'ROKU', 'EA', 'MTCH', 'BILI', 'LBRDA']"
55,SQ,"['NOW', 'FIS', 'SONY', 'UBER', 'IBM', 'INFY', 'DELL', 'SHOP', 'VMW', 'ABB']"
56,NUE,"['FNV', 'PKX', 'VMC', 'MT', 'NTR', 'MLM', 'CTVA', 'IFF', 'LYB', 'WPM']"
57,SWN,"['HP', 'AR', 'MTDR', 'MUR', 'CNX', 'MGY', 'ETRN', 'RRC', 'SUN', 'ENBL']"
58,LOW,"['MCD', 'TJX', 'GM', 'TM', 'NKE', 'CPNG', 'NIO', 'CCZ', 'STLA', 'HMC']"
59,RAD,"['HNGR', 'HEXO', 'CRY', 'RFL', 'AMRX', 'AAC', 'KDMN', 'BKD', 'CO', 'GTS']"
60,VEON,"['IHRT', 'CARG', 'VG', 'CDLX', 'MOMO', 'LILA', 'LILAK', 'DOYU', 'CMPR', 'CCOI']"
61,SLB,"['E', 'PXD', 'EOG', 'CNQ', 'KMI', 'TRP', 'MPC', 'EPD', 'PSX', 'CEO']"
62,FLEX,"['RUN', 'PCTY', 'KC', 'RP', 'PEGA', 'MCFE', 'PFPT', 'DBX', 'AZPN', 'DOX']"
63,FOXA,"['FOX', 'IAC', 'YNDX', 'DISH', 'SIRI', 'VIACA', 'VIAC', 'TTWO', 'WMG', 'DISCB']"
64,ABBV,"['MRK', 'ABT', 'NVS', 'PFE', 'LLY', 'DHR', 'TMO', 'NVO', 'MDT', 'BMY']"
65,GIS,"['ADM', 'BF-A', 'BF-B', 'HSY', 'TAL', 'SYY', 'KMB', 'STZ', 'STZ-B', 'TSN']"
66,VZ,"['T', 'SE', 'SNAP', 'TWLO', 'RELX', 'AMX', 'AMOV', 'SPOT', 'BCE', 'TWTR']"
67,XRX,"['ASAN', 'PRSP', 'BB', 'FSLY', 'VZIO', 'WK', 'DOCN', 'TDC', 'SWCH', 'ATC']"
68,CVLT,"['FATBW', 'ARRY', 'ALKT', 'BAND', 'KLIC', 'BLKB', 'EXLS', 'CRSR', 'DIOD', 'PS']"
69,X,"['OLN', 'AA', 'TX', 'BAK', 'AXTA', 'HUN', 'MDU', 'APA', 'ICL', 'EXP']"
70,MAT,"['CHDN', 'DOOO', 'WISH', 'TXRH', 'WOOF', 'COLM', 'CROX', 'FOXF', 'MLCO', 'GNTX']"
71,DVN,"['PBA', 'CVE', 'HAL', 'TPL', 'TS', 'OKE', 'CLR', 'MMP', 'SSL', 'EC']"
72,IBN,"['PUK', 'AON', 'MET', 'UBS', 'PGR', 'AEB', 'SCHW-PC', 'SCHW-PD', 'MCO', 'BMO']"
73,MPC,"['KMI', 'PSX', 'CNQ', 'PXD', 'SU', 'E', 'SLB', 'VLO', 'WMB', 'EOG']"
74,PM,"['UL', 'BUD', 'EL', 'TGT', 'DEO', 'MO', 'BTI', 'CL', 'KO', 'DG']"
75,MSCI,"['ALL', 'TRV', 'BBVA', 'MFC', 'AFL', 'BBD', 'BBDO', 'PRU', 'MFG', 'BCS']"
76,RDN,"['BKU', 'AB', 'NEA', 'APAM', 'LDI', 'CBU', 'HLI', 'FNB', 'CEF', 'PSTH']"
77,KO,"['UL', 'PM', 'BUD', 'PG', 'EL', 'TGT', 'DEO', 'MO', 'BTI', 'WMT']"
78,SRC,"['CUZ', 'PK', 'RYN', 'DEI', 'SLG', 'COR', 'DCT', 'STAG', 'NRZ', 'HHC']"
79,COP,"['SNP', 'ENB', 'EQNR', 'BP', 'PBR-A', 'CEO', 'EPD', 'TRP', 'EOG']"
80,CHK,"['NFG', 'CHX', 'AM', 'SHI', 'DCP', 'UGP', 'FTI', 'EQT', 'HFC', 'SHLX']"
81,DIS,"['HD', 'NKE', 'TM', 'MCD', 'LOW', 'TJX', 'GM', 'CPNG', 'NIO', 'CCZ']"
82,LEN,"['LEN-B', 'AZO', 'CCL', 'W', 'HLT', 'VFC', 'BBY', 'YUM', 'BLL', 'MGA']"
83,CVX,"['XOM', 'RDS-A', 'RDS-B', 'TOT', 'PTR', 'BP', 'ENB', 'SNP', 'COP', 'EQNR']"
84,PYPL,"['ASAX', 'CME', 'TROW', 'WLTW', 'SIVB', 'FITB', 'IBKR', 'HBANN', 'NDAQ', 'XP']"
85,AUY,"['AVNT', 'MP', 'GRA', 'ASH', 'KWR', 'TRQ', 'UNVR', 'AG', 'CC', 'ESI']"
86,WMT,"['PG', 'KO', 'UL', 'PM', 'BUD', 'EL', 'TGT', 'DEO', 'MO', 'BTI']"
87,CLF,"['KL', 'GGB', 'RS', 'KGC', 'AU', 'CF', 'GFI', 'ICL', 'RPM', 'CX']"
88,MRK,"['NVS', 'ABBV', 'LLY', 'ABT', 'DHR', 'TMO', 'PFE', 'NVO', 'MDT', 'BMY']"
89,MDLZ,"['KHC', 'MNST', 'DLTR', 'NWL', 'CASY', 'BUFF', 'FRPT', 'BYND', 'PPC', 'OLLI']"
90,MGM,"['GPC', 'AMCR', 'VIPS', 'NVR', 'LB', 'DRI', 'ROL', 'KMX', 'QSR', 'XPEV']"
91,GFI,"['ICL', 'AU', 'KGC', 'APA', 'AXTA', 'BAK', 'TX', 'AA', 'CLF']"
92,KGC,"['AU', 'GFI', 'CLF', 'ICL', 'KL', 'GGB', 'RS', 'APA', 'AXTA', 'BAK']"
93,SCHW,"['BLK', 'RY', 'TD', 'HSBC', 'AXP', 'GS', 'LFC', 'MS', 'HDB']"
94,NBR,"['ESTE', 'KRP', 'WTTR', 'GLF', 'HLX', 'CAPL', 'ARCH', 'NVGS', 'SRLP', 'GLP']"
95,NVDA,"['ASML', 'ADBE', 'INTC', 'CSCO', 'AVGO', 'TXN', 'QCOM', 'AMAT', 'INTU', 'MU']"
96,JNJ,"['UNH', 'PFE', 'ABT', 'ABBV', 'MRK', 'NVS', 'LLY', 'DHR', 'TMO', 'NVO']"
97,WDC,"['TER', 'STX', 'QRVO', 'ZS', 'APP', 'DDOG', 'TRMB', 'STNE', 'CDW', 'SPLK']"
98,BSX,"['HUM', 'EW', 'TAK', 'HCA', 'BDX', 'PHG', 'IQV', 'BAX', 'ZTS', 'CNC']"
99,ON,"['LYFT', 'ENPH', 'WIX', 'CHKP', 'ZI', 'MDB', 'MPWR', 'ENTG', 'COUP', 'PTC']"
100,ITUB,"['CM', 'SMFG', 'LYG', 'ING', 'BK', 'SCHW-PD', 'SCHW-PC', 'AEB', 'AIG', 'BCS']"
101,BK,"['LYG', 'AIG', 'BCS', 'CM', 'ITUB', 'PRU', 'BBDO', 'BBD', 'MFC', 'SMFG']"
102,HMY,"['SCL', 'BCC', 'MTX', 'LTHM', 'TSE', 'BVN', 'AGI', 'NGVT', 'CBT', 'SXT']"
103,APA,"['AXTA', 'BAK', 'TX', 'AA', 'ICL', 'OLN', 'GFI', 'HUN', 'MDU']"
104,HOME,"['MYTE', 'DDS', 'BKE', 'ANF', 'SKY', 'VNE', 'JMIA', 'BOOT', 'MHO', 'SAH']"
105,NGD,"['SILV', 'CCF', 'SVM', 'MMX', 'MAG', 'TGB', 'BIOX', 'SMTS', 'AXU', 'MTA']"
106,KOS,"['DRQ', 'DNOW', 'VET', 'RES', 'TGP', 'CRK', 'ERF', 'GLOG-PA', 'BCEI', 'GEL']"
107,DAL,"['EFX', 'KSU', 'ROK', 'AME', 'WCN', 'ZTO', 'TDG', 'OTIS', 'URI', 'GWW']"
108,INFY,"['DELL', 'VMW', 'ABB', 'UBER', 'FIS', 'NOW', 'SNOW', 'SQ', 'TEL', 'HPQ']"
109,CCL,"['W', 'LEN', 'LEN-B', 'BBY', 'AZO', 'BLL', 'MGA', 'CHWY', 'HLT', 'VFC']"
110,MFGP,"['AVYA', 'MAXR', 'DDD', 'SEMR', 'EB', 'PING', 'PAR', 'KN', 'ZUO', 'MXL']"
111,PBR,"['PBR-A', 'CEO', 'EPD', 'TRP', 'EQNR', 'EOG', 'SLB', 'E', 'COP', 'PXD']"
112,DISCA,"['DISCB', 'WMG', 'LSXMB', 'LSXMK', 'LSXMA', 'NWSA', 'NWS', 'LBTYA', 'LBTYK']"
113,LPI,"['TNK', 'SOI', 'REX', 'CEIX', 'BTU', 'WTI', 'SBR', 'SGU', 'DSSI', 'TTI']"
114,ABT,"['ABBV', 'PFE', 'MRK', 'NVS', 'LLY', 'DHR', 'TMO', 'NVO', 'MDT', 'BMY']"
115,FITB,"['IBKR', 'SIVB', 'HBANN', 'NDAQ', 'WLTW', 'XP', 'NTRS', 'FITBI', 'CINF']"
116,PTEN,"['OAS', 'RTLR', 'CLNE', 'NBLX', 'CDEV', 'NESR', 'OMP', 'XOG', 'ALTM', 'BROG']"
117,USB,"['SPGI', 'USB-PP', 'PNC', 'RY-PT', 'TFC', 'GS-PN', 'CB', 'BNS', 'HDB', 'WBK']"
118,BA,"['CAT', 'RTX', 'DE', 'UNP', 'MMM', 'GE', 'HON', 'LMT', 'UPS', 'FDX']"
119,GGB,"['KL', 'RS', 'CLF', 'CF', 'KGC', 'AU', 'RPM', 'CX', 'GFI', 'ACH']"
120,JBLU,"['ESLT', 'SAIA', 'GTLS', 'CAR', 'WSC', 'TTEK', 'BHFAL', 'LSTR', 'SRCL', 'UPWK']"
121,EBAY,"['ORLY', 'LULU', 'HTHT', 'ROST', 'MAR', 'TCOM', 'EXPE', 'PTON', 'OZON', 'TSCO']"
122,HBAN,"['CG', 'ACGL', 'MKTX', 'ACGLP', 'ACGLO', 'SBNY', 'PFG', 'HBANO', 'FUTU', 'TW']"
123,DB,"['AJG', 'STT', 'BSBR', 'LU', 'AMP', 'SYF', 'SLF', 'NWG', 'FRC', 'KKR']"
124,MRVL,"['TTD', 'XLNX', 'MB', 'ANSS', 'SWKS', 'GRMN', 'FTNT', 'CDNS', 'ZBRA', 'OKTA']"
125,WBA,"['ALGN', 'IDXX', 'BNTX', 'REGN', 'BIIB', 'VRTX', 'ILMN', 'ALXN', 'DXCM', 'MRNA']"
126,CDNA,"['LIVN', 'CVET', 'HCM', 'ARNA', 'INNV', 'AGIO', 'LEGN', 'ICUI', 'ALLO', 'IMAB']"
127,KNX,"['WMS', 'DCI', 'VRT', 'TFII', 'MTZ', 'ADT', 'IAA', 'ALK', 'ITT', 'AZEK']"
128,KBH,"['ALSN', 'CRI', 'GOOS', 'ADNT', 'GPK', 'M', 'MTH', 'TNL', 'MDC', 'ELY']"
129,DISCK,"['DISCB', 'DISCA', 'WMG', 'LSXMB', 'LSXMK', 'LSXMA', 'NWSA', 'NWS', 'LBTYA', 'LBTYK']"
130,PGR,"['MCO', 'BMO', 'BX', 'MET', 'ICE', 'AON', 'PUK', 'IBN', 'SAN', 'UBS']"
131,MO,"['BTI', 'DEO', 'TGT', 'EL', 'CL', 'DG', 'KDP', 'ABEV', 'STZ-B', 'STZ']"
132,MDT,"['NVO', 'TMO', 'DHR', 'LLY', 'NVS', 'BMY', 'MRK', 'AZN', 'ABBV', 'ABT']"
133,RIG,"['LBRT', 'CVI', 'ENLC', 'CPG', 'WHD', 'HEP', 'BSM', 'INT', 'RRC']"
134,BCS,"['PRU', 'AIG', 'BBDO', 'BBD', 'MFC', 'TRV', 'BK', 'LYG', 'MSCI', 'ALL']"
135,CDEV,"['NBLX', 'NESR', 'OMP', 'OAS', 'XOG', 'ALTM', 'PTEN', 'BROG', 'RTLR', 'CLNE']"
136,EOG,"['TRP', 'EPD', 'SLB', 'E', 'CEO', 'PXD', 'CNQ', 'KMI', 'MPC', 'PBR-A']"
137,HPE,"['NET', 'GIB', 'IT', 'RNG', 'FLT', 'HUBS', 'BR', 'UMC', 'PAYC', 'WORK']"
138,TXN,"['AVGO', 'QCOM', 'AMAT', 'CSCO', 'INTC', 'ADBE', 'INTU', 'MU', 'AMD', 'LRCX']"
139,OAS,"['PTEN', 'NBLX', 'RTLR', 'CDEV', 'CLNE', 'NESR', 'OMP', 'XOG', 'ALTM', 'BROG']"
140,OKE,"['EC', 'HES', 'OXY', 'BKR', 'ET', 'ETP-PE', 'HAL', 'MPLX', 'DVN', 'PBA']"
141,CVS,"['ANTM', 'SYK', 'GSK', 'CI', 'AZN', 'ZTS', 'BMY', 'BDX', 'HCA', 'BSX']"
142,HES,"['OXY', 'BKR', 'EC', 'ET', 'ETP-PE', 'OKE', 'MPLX', 'HAL', 'WMB', 'VLO']"
143,GDDY,"['DT', 'CDAY', 'PAGS', 'FICO', 'BILL', 'LDOS', 'BKI', 'ZEN', 'TDY', 'TYL']"
144,BX,"['ICE', 'BMO', 'MCO', 'PGR', 'SAN', 'MET', 'AON', 'MMC', 'PUK', 'IBN']"
145,NLSN,"['AFGE', 'CSL', 'DNB', 'RHI', 'ACM', 'OSK', 'CAE', 'WTRU', 'GFL', 'SITE']"
146,TS,"['TPL', 'CVE', 'CLR', 'MMP', 'SSL', 'PBA', 'DVN', 'MRO', 'TRGP', 'WES']"
147,BOX,"['ROG', 'VSH', 'NOVA', 'RAMP', 'CLDR', 'ONTO', 'NEWR', 'ENV', 'FN', 'PD']"
148,OXY,"['BKR', 'HES', 'EC', 'ET', 'ETP-PE', 'OKE', 'MPLX', 'HAL', 'WMB', 'VLO']"
149,CVE,"['PBA', 'DVN', 'TPL', 'TS', 'HAL', 'CLR', 'MMP', 'SSL', 'MRO', 'TRGP']"
150,SYF,"['LU', 'BSBR', 'DB', 'CS', 'HIG', 'AJG', 'STT', 'STT-PG', 'AMP', 'KEY']"
151,MTG,"['AXS', 'LMND', 'LAZ', 'SLQT', 'CCIV', 'PSTH', 'STL', 'WBS', 'AXS-PE', 'THG']"
152,LUV,"['SWK', 'RSG', 'CMI', 'CARR', 'OTIS', 'TDG', 'WCN', 'PH', 'AME', 'ROK']"
153,FTI,"['ENBL', 'SUN', 'UGP', 'ETRN', 'MTDR', 'AM', 'AR', 'HP', 'SWN', 'MUR']"
154,AA,"['TX', 'BAK', 'AXTA', 'OLN', 'APA', 'HUN', 'MDU', 'ICL', 'GFI']"
155,ABEV,"['STZ-B', 'STZ', 'KMB', 'KDP', 'SYY', 'DG', 'GIS', 'ADM', 'BF-A', 'BF-B']"
156,EQR,"['AVB', 'ARE', 'CBRE', 'O', 'WY', 'WELL', 'VTR', 'INVH', 'EXR', 'ESS']"
157,ETSY,"['CZR', 'TSCO', 'DKNG', 'OZON', 'ULTA', 'POOL', 'PTON', 'EXPE', 'LI', 'LKQ']"
158,TAL,"['HSY', 'BF-B', 'BF-A', 'ADM', 'GIS', 'TSN', 'FMX', 'KR', 'CCEP', 'HRL']"
159,UNH,"['JNJ', 'PFE', 'ABT', 'ABBV', 'MRK', 'NVS', 'LLY', 'DHR', 'TMO', 'NVO']"
160,GES,"['CBD', 'MTOR', 'AEVA', 'VSTO', 'LZB', 'DIN', 'KAR', 'SAH', 'MHO', 'BOOT']"
161,AMZN,"['TSLA', 'PDD', 'SBUX', 'JD', 'BKNG', 'MELI', 'TCOM', 'MAR', 'ROST', 'LULU']"
162,NFLX,"['CMCSA', 'TMUS', 'CHTR', 'ABNB', 'ZM', 'ATVI', 'NTES', 'BIDU', 'VOD', 'ROKU']"
163,ENTG,"['MPWR', 'PTC', 'MDB', 'NUAN', 'CTXS', 'CHKP', 'WIX', 'NICE', 'LYFT', 'ON']"
164,CSX,"['ADP', 'CTAS', 'PAYX', 'PCAR', 'ODFL', 'FAST', 'CPRT', 'VRSK', 'RYAAY', 'EXPD']"
165,WYNN,"['LKQ', 'HAS', 'PENN', 'LI', 'POOL', 'ULTA', 'FIVE', 'FWONA', 'FWONK', 'DKNG']"
166,FOX,"['FOXA', 'IAC', 'YNDX', 'DISH', 'SIRI', 'VIACA', 'VIAC', 'TTWO', 'WMG', 'DISCB']"
167,CNC,"['A', 'VEEV', 'BAX', 'IQV', 'ZBH', 'ALC', 'MCK', 'MTD', 'PHG', 'TAK']"
168,ZION,"['CBSH', 'SEIC', 'ERIE', 'ARCC', 'FCNCA', 'EWBC', 'MORN', 'PBCT', 'CBOE', 'UPST']"
169,CLDR,"['NOVA', 'VSH', 'ROG', 'BOX', 'NEWR', 'ENV', 'RAMP', 'ONTO', 'FN', 'PD']"
170,RES,"['VET', 'DNOW', 'KOS', 'DRQ', 'TGP', 'CRK', 'ERF', 'BCEI', 'GEL', 'STNG']"
171,CI,"['GSK', 'SYK', 'ANTM', 'ZTS', 'BDX', 'HCA', 'CVS', 'BSX', 'HUM', 'EW']"
172,WMB,"['MPLX', 'VLO', 'ETP-PE', 'ET', 'SU', 'BKR', 'OXY', 'HES', 'EC', 'PSX']"
173,SYNH,"['NBIX', 'UTHR', 'AMED', 'NTRA', 'CRSP', 'ABCL', 'EXEL', 'RARE', 'MRVI', 'MRTX']"
174,HBI,"['YETI', 'SKX', 'TPX', 'LEG', 'HOG', 'DKS', 'BYD', 'VAC', 'THO', 'MNSO']"
175,XL,"['BHK', 'GHLD', 'CCX', 'RTP', 'HTD', 'EMD', 'BCX', 'AJAX', 'DFIN', 'DGNR']"
176,PAYX,"['CTAS', 'PCAR', 'ODFL', 'FAST', 'CPRT', 'VRSK', 'RYAAY', 'EXPD', 'JBHT', 'UAL']"
177,D,"['DCUE', 'DUK-PA', 'SO', 'DUK', 'NGG', 'AEP', 'SRE', 'PEG', 'WEC', 'ES']"
178,CHS,"['GTX', 'BH-A', 'BH', 'BNED', 'BQ', 'TLYS', 'RGS', 'MLR', 'UFI', 'LITB']"
179,CFG,"['HIG-PG', 'MTB', 'KB', 'STT-PD', 'IX', 'RF', 'ALLY', 'KEY', 'STT-PG', 'SHG']"
180,SU,"['PSX', 'VLO', 'MPC', 'WMB', 'KMI', 'CNQ', 'PXD', 'MPLX', 'ETP-PE', 'ET']"
181,MMM,"['GE', 'DE', 'LMT', 'RTX', 'CAT', 'BA', 'FDX', 'UNP', 'CNI', 'HON']"
182,BIIB,"['BNTX', 'ALXN', 'IDXX', 'WBA', 'ALGN', 'DXCM', 'REGN', 'BGNE', 'VRTX', 'ILMN']"
183,JBL,"['LSPD', 'GWRE', 'CIEN', 'PLAN', 'LPL', 'ARW', 'GLOB', 'WEX', 'DXC', 'G']"
184,ACN,"['CRM', 'SAP', 'ORCL', 'SHOP', 'IBM', 'SONY', 'SQ', 'NOW', 'FIS', 'UBER']"
185,NTR,"['MT', 'CTVA', 'IFF', 'LYB', 'CRH', 'NUE', 'FNV', 'GOLD', 'PPG', 'PKX']"
186,BRFS,"['GHC', 'CCU', 'NUS', 'THS', 'PRMW', 'BIG', 'SPB', 'EPC', 'IBA', 'AKO-B']"
187,SBUX,"['JD', 'PDD', 'BKNG', 'MELI', 'TCOM', 'MAR', 'ROST', 'LULU', 'EBAY', 'ORLY']"
188,LVS,"['CVNA', 'F', 'APTV', 'CMG', 'RACE', 'DHI', 'YUM', 'VFC', 'HMC', 'HLT']"
189,EGO,"['KRO', 'EVA', 'PQG', 'GCP', 'PVG', 'CDE', 'OR', 'CMP', 'CSTM', 'HBM']"
190,GSK,"['SYK', 'ANTM', 'CI', 'ZTS', 'CVS', 'BDX', 'HCA', 'BSX', 'HUM', 'EW']"
191,TEVA,"['RDY', 'QGEN', 'BHC', 'PEN', 'AGL', 'CGC', 'UHS', 'DVA', 'OSH', 'EHC']"
192,PAA,"['COG', 'NOV', 'OVV', 'XEC', 'VVV', 'SHLX', 'HFC', 'EQT', 'CCJ', 'PSXP']"
193,VLO,"['WMB', 'SU', 'MPLX', 'PSX', 'ETP-PE', 'MPC', 'ET', 'BKR', 'OXY', 'HES']"
194,IMAX,"['QUOT', 'CCO', 'WOW', 'MSGN', 'MDP', 'CANG', 'CBB', 'DMS', 'AUD', 'GCI']"
195,FNB,"['CEF', 'CBU', 'STL-PA', 'APAM', 'AB', 'RDN', 'BKU', 'NEA', 'MSP', 'LDI']"
196,ADSK,"['ADI', 'WDAY', 'TEAM', 'NXPI', 'COIN', 'KLAC', 'FISV', 'ERIC', 'CRWD', 'MCHP']"
197,HD,"['DIS', 'NKE', 'TM', 'MCD', 'LOW', 'BABA', 'TJX', 'GM', 'CPNG', 'NIO']"
198,BIDU,"['NTES', 'VOD', 'ATVI', 'ZM', 'ROKU', 'EA', 'MTCH', 'BILI', 'ABNB', 'LBRDA']"
199,AR,"['HP', 'SWN', 'MTDR', 'MUR', 'CNX', 'ETRN', 'MGY', 'SUN', 'ENBL', 'RRC']"
200,ARNC,"['BE', 'ENS', 'BCO', 'KEX', 'AIT', 'TEX', 'SAVE', 'IBP', 'AJRD', 'PRG']"
201,VOYA,"['RGA', 'RNR-PF', 'JEF', 'PHYS', 'ARES', 'VOYA-PB', 'RNR', 'RNR-PE', 'ORI', 'CFR']"
202,MLCO,"['GNTX', 'WISH', 'DOOO', 'CHDN', 'MAT', 'FWONK', 'FWONA', 'TXRH', 'WOOF', 'COLM']"
203,SM,"['INT', 'CRC', 'PBF', 'NS', 'BSM', 'HEP', 'CEQP', 'CPE', 'CPG', 'PAGP']"
204,NTRS,"['XP', 'NDAQ', 'HBANN', 'IBKR', 'FITBI', 'FITB', 'CINF', 'TW', 'FUTU', 'PFG']"
205,DHI,"['YUM', 'VFC', 'CMG', 'APTV', 'HLT', 'AZO', 'LEN-B', 'LEN', 'CVNA', 'CCL']"
206,UAL,"['JBHT', 'EXPD', 'IEP', 'AAL', 'PLUG', 'CHRW', 'UHAL', 'NDSN', 'RYAAY', 'BLDR']"
207,HRB,"['SEAS', 'RVLV', 'MDC', 'TMHC', 'CWH', 'MTH', 'ABG', 'DAN', 'ADNT', 'GOLF']"
208,BTU,"['REX', 'WTI', 'SBR', 'SOI', 'TNK', 'LPI', 'CEIX', 'HMLP', 'GLOG', 'SGU']"
209,JBGS,"['WRI', 'HPP', 'CWK', 'PSB', 'NREF-PA', 'GRP-UN', 'RHP', 'QTS', 'IIPR', 'TRNO']"
210,IPG,"['VIV', 'ATHM', 'SJR', 'LUMN', 'CABO', 'DLB', 'WPP', 'ATUS', 'PSO', 'LYV']"
211,DE,"['MMM', 'RTX', 'GE', 'CAT', 'BA', 'LMT', 'UNP', 'HON', 'FDX', 'CNI']"
212,KHC,"['MNST', 'DLTR', 'MDLZ', 'NWL', 'CASY', 'BUFF', 'FRPT', 'BYND', 'PPC', 'OLLI']"
213,COG,"['OVV', 'PAA', 'NOV', 'XEC', 'CCJ', 'VVV', 'SHLX', 'PSXP', 'HFC', 'EQT']"
214,IBM,"['SHOP', 'SONY', 'SQ', 'NOW', 'FIS', 'SAP', 'UBER', 'INFY', 'DELL', 'ACN']"
215,NYT,"['MBT', 'TV', 'FVRR', 'KT', 'SKLZ', 'PSO', 'GRUB', 'PHI', 'TIMB', 'DLB']"
216,AAL,"['IEP', 'PLUG', 'CHRW', 'UHAL', 'NDSN', 'BLDR', 'UAL', 'MIDD', 'JBHT', 'AXON']"
217,OLN,"['X', 'AA', 'TX', 'BAK', 'HUN', 'AXTA', 'MDU', 'APA', 'EXP', 'ICL']"
218,JCI,"['ROP', 'TRI', 'INFO', 'LHX', 'TT', 'ENBA', 'CP', 'PH', 'CARR', 'CMI']"
219,VICI,"['BXP', 'DRE', 'MAA', 'PEAK', 'SUI', 'ESS', 'VNO-PM', 'MAA-PI', 'VNO-PL', 'EXR']"
220,VST,"['NRG', 'BEPC', 'OGE', 'CMS-PB', 'AQN', 'UGI', 'PNW', 'HNP', 'SBS', 'BEP']"
221,NWL,"['CASY', 'BUFF', 'FRPT', 'BYND', 'PPC', 'OLLI', 'HELE', 'LANC', 'FIZZ', 'LOPE']"
222,EPD,"['TRP', 'EOG', 'CEO', 'SLB', 'E', 'PBR-A', 'PXD', 'CNQ', 'KMI']"
223,KMB,"['STZ', 'STZ-B', 'SYY', 'ABEV', 'KDP', 'DG', 'GIS', 'ADM', 'BF-A', 'BF-B']"
224,AEP,"['SRE', 'NGG', 'PEG', 'WEC', 'ES', 'AWK', 'DTE', 'ED', 'DCUE', 'PCG']"
225,IT,"['BR', 'PAYC', 'HPE', 'NET', 'GIB', 'UI', 'ASX', 'RNG', 'FLT', 'HUBS']"
226,CAT,"['RTX', 'BA', 'DE', 'MMM', 'GE', 'UNP', 'LMT', 'HON', 'FDX', 'CNI']"
227,AU,"['KGC', 'GFI', 'ICL', 'CLF', 'KL', 'GGB', 'APA', 'RS', 'AXTA', 'BAK']"
228,XRAY,"['ALNY', 'ZLAB', 'PODD', 'BMRN', 'TXG', 'PPD', 'GH', 'GDRX', 'ARGX', 'TECH']"
229,KKR,"['FRC', 'NWG', 'RKT', 'SLF', 'DFS', 'AMP', 'MFG', 'STT', 'AFL', 'AJG']"
230,CMC,"['HL', 'NEU', 'WOR', 'AG', 'UNVR', 'FUL', 'TROX', 'SUM', 'SXT', 'TRQ']"
231,TMUS,"['CHTR', 'NFLX', 'ABNB', 'ZM', 'CMCSA', 'ATVI', 'NTES', 'BIDU', 'VOD', 'ROKU']"
232,NRG,"['CMS-PB', 'VST', 'AQN', 'UGI', 'PNW', 'BEP', 'NI', 'BEPC', 'OGE', 'HNP']"
233,CPB,"['SJM', 'SAM', 'NTCO', 'BG', 'TAP-A', 'TAP', 'CHGG', 'DAR', 'CAG', 'LW']"
234,ATHM,"['CABO', 'IPG', 'DLB', 'VIV', 'PSO', 'SJR', 'LUMN', 'NYT', 'MBT', 'TV']"
235,WRB,"['EQH', 'APO-PB', 'BRO', 'APO', 'L', 'APO-PA', 'FNF', 'LNC', 'CNA', 'IVZ']"
236,MOMO,"['DOYU', 'VEON', 'IHRT', 'CARG', 'CMPR', 'VG', 'CDLX', 'LILA', 'SBGI', 'LILAK']"
237,TGT,"['DEO', 'EL', 'MO', 'BTI', 'CL', 'BUD', 'PM', 'UL', 'DG', 'KDP']"
238,TV,"['MBT', 'NYT', 'FVRR', 'KT', 'SKLZ', 'GRUB', 'PHI', 'TIMB', 'PSO', 'ZH']"
239,GLW,"['WIT', 'APH', 'PLTR', 'PATH', 'HPQ', 'MSI', 'STM', 'PANW', 'TEL', 'NOK']"
240,MAS,"['KSU-P', 'IEX', 'XPO', 'J', 'HEI-A', 'HEI', 'AVY', 'WAB', 'TXT', 'HWM']"
241,DOV,"['XYL', 'IR', 'CNHI', 'GNRC', 'TRU', 'GWW', 'URI', 'AVY', 'HEI', 'HEI-A']"
242,HRL,"['EDU', 'CCEP', 'MKC-V', 'MKC', 'K', 'CLX', 'KR', 'FMX', 'TSN', 'CHD']"
243,TECK,"['SBSW', 'SMG', 'WLK', 'MOS', 'SID', 'ACH', 'VEDL', 'SQM', 'CX', 'RPM']"
244,AES,"['DUKH', 'ENIA', 'CMS', 'AGR', 'BIP', 'EVRG', 'FE', 'KEP', 'CNP', 'ATO']"
245,PPL,"['EIX', 'ETR', 'AEE', 'FTS', 'FE', 'PCG', 'CMS', 'ED', 'DUKH', 'DTE']"
246,SEE,"['AN', 'PII', 'PVH', 'CPRI', 'TOL', 'BC', 'BFAM', 'ALV', 'BERY']"
247,NLY,"['ELS', 'MPW', 'HST', 'WPC', 'CPT', 'UDR', 'IRM', 'AMH', 'VNO-PL', 'MAA-PI']"
248,FRC,"['NWG', 'SLF', 'KKR', 'AMP', 'STT', 'AJG', 'RKT', 'DFS', 'DB', 'MFG']"
249,STX,"['QRVO', 'TER', 'APP', 'WDC', 'TRMB', 'STNE', 'SPLK', 'LOGI', 'ZS', 'SSNC']"
250,ADBE,"['INTC', 'CSCO', 'ASML', 'AVGO', 'TXN', 'QCOM', 'AMAT', 'INTU', 'NVDA', 'MU']"
251,K,"['CLX', 'MKC', 'MKC-V', 'CHD', 'EDU', 'HRL', 'CCEP', 'CAG', 'KR', 'FMX']"
252,M,"['GPK', 'TNL', 'ELY', 'YSG', 'KBH', 'ALSN', 'AEO', 'CRI', 'GOOS', 'JWN']"
253,TSLA,"['PDD', 'SBUX', 'JD', 'BKNG', 'MELI', 'TCOM', 'MAR', 'ROST', 'LULU', 'EBAY']"
254,TSM,"['ORCL', 'CRM', 'ACN', 'SAP', 'SHOP', 'IBM', 'SONY', 'SQ', 'NOW', 'FIS']"
255,STL,"['WBS', 'AXS-PE', 'THG', 'CCIV', 'RLI', 'KMPR', 'LAZ', 'AXS', 'MTG', 'CIT']"
256,NYCB,"['ORCC', 'SNV-PD', 'ESNT', 'ARES-PA', 'CIT', 'KMPR', 'RLI', 'THG', 'AXS-PE', 'WBS']"
257,TRQ,"['KWR', 'UNVR', 'AG', 'GRA', 'CMC', 'HL', 'NEU', 'WOR', 'MP', 'FUL']"
258,BAH,"['AGCO', 'WSO', 'AOS', 'PNR', 'CEA', 'OC', 'HUBB', 'GFL', 'TTC', 'TREX']"
259,BUFF,"['CASY', 'FRPT', 'BYND', 'PPC', 'OLLI', 'HELE', 'LANC', 'FIZZ', 'LOPE', 'HAIN']"
260,ARI,"['DRH', 'AAT', 'FCPT', 'CXP', 'RLGY', 'XHR', 'UE', 'IVR-PA', 'WRE', 'PDM']"
261,MET,"['AON', 'PUK', 'IBN', 'PGR', 'MCO', 'BMO', 'UBS', 'BX', 'ICE', 'AEB']"
262,AFL,"['BBVA', 'MFG', 'ALL', 'MSCI', 'DFS', 'RKT', 'TRV', 'MFC', 'BBD', 'BBDO']"
263,TPR,"['AAP', 'WSM', 'GPS', 'IHG', 'BWA', 'PKG', 'TTM', 'RH', 'MTN', 'QS']"
264,WPM,"['CE', 'ALB', 'AVTR', 'SUZ', 'EMN', 'AEM', 'AVTR-PA', 'MLM', 'FMC', 'JHX']"
265,LNT,"['NFE', 'AY', 'MGEE', 'OTTR', 'MSEX', 'YORW', 'CDZI', 'SPKEP', 'ARTNA', 'GWRS']"
266,BTG,"['NG', 'EQX', 'SIM', 'MAG', 'SILV', 'NGD', 'CCF', 'SVM', 'MMX', 'TGB']"
267,WLL,"['YPF', 'CLB', 'DKL', 'OII', 'AROC', 'USAC', 'EURN', 'BPMP', 'DK', 'PAGP']"
268,LKQ,"['WYNN', 'HAS', 'LI', 'PENN', 'POOL', 'ULTA', 'FIVE', 'DKNG', 'FWONA', 'FWONK']"
269,PCG,"['PPL', 'ED', 'EIX', 'DTE', 'ETR', 'AEE', 'AWK', 'FTS', 'FE', 'ES']"
270,CENX,"['GPRE', 'SCHN', 'LGO', 'GEVO', 'MERC', 'PLL', 'USCR', 'USLM', 'NXEO', 'GSM']"
271,CLR,"['MMP', 'SSL', 'MRO', 'TS', 'TPL', 'TRGP', 'WES', 'PSXP', 'CCJ', 'XEC']"
272,IMGN,"['ATEC', 'TBIO', 'MZOR', 'CCCC', 'LNTH', 'YMAB', 'KRON', 'INGN', 'EWTX', 'QURE']"
273,HL,"['CMC', 'NEU', 'WOR', 'AG', 'UNVR', 'FUL', 'TROX', 'SUM', 'SXT', 'TRQ']"
274,LULU,"['ROST', 'MAR', 'EBAY', 'TCOM', 'ORLY', 'HTHT', 'EXPE', 'PTON', 'OZON', 'TSCO']"
275,UAA,"['UA', 'LAD', 'RL', 'ATR', 'NCLH', 'KSS', 'ARMK', 'DECK', 'SCI', 'BERY']"
276,CAG,"['CPB', 'CHD', 'SJM', 'SAM', 'CLX', 'K', 'NTCO', 'BG', 'TAP-A', 'TAP']"
277,STLD,"['RGLD', 'PAAS', 'UFPI', 'BCPC', 'ZY', 'SSRM', 'AMRS', 'WDFC', 'MEOH', 'IOSP']"
278,PEP,"['COST', 'MDLZ', 'KHC', 'MNST', 'DLTR', 'NWL', 'CASY', 'BUFF', 'FRPT', 'BYND']"
279,SO,"['DUK-PA', 'D', 'DUK', 'DCUE', 'NGG', 'AEP', 'SRE', 'PEG', 'WEC', 'ES']"
280,COST,"['PEP', 'MDLZ', 'KHC', 'MNST', 'DLTR', 'NWL', 'CASY', 'BUFF', 'FRPT', 'BYND']"
281,GKOS,"['CMD', 'CNMD', 'AMN', 'AMWL', 'EBS', 'ITGR', 'HAE', 'OSCR', 'BHVN', 'TARO']"
282,CCI,"['PLD', 'BEKE', 'SPG-PJ', 'PSA', 'AMT', 'DLR', 'SPG', 'WELL', 'WY', 'CBRE']"
283,ZTO,"['URI', 'GWW', 'KSU', 'CNHI', 'EFX', 'DAL', 'DOV', 'XYL', 'IR', 'GNRC']"
284,GS,"['AXP', 'HSBC', 'TD', 'LFC', 'BLK', 'SCHW', 'RY', 'HDB', 'GS-PN', 'RY-PT']"
285,ADT,"['VRT', 'IAA', 'KNX', 'WMS', 'DCI', 'TFII', 'MTZ', 'AZEK', 'ALK', 'AER']"
286,ALTR,"['AMKR', 'API', 'RXT', 'POWI', 'CCMP', 'CD', 'VRNS', 'CRCT', 'SHLS', 'ACVA']"
287,EMR,"['GD', 'ETN', 'GPN', 'NOC', 'WM', 'CP', 'TRI', 'JCI', 'ROP', 'INFO']"
288,CNP,"['ATO', 'KEP', 'CNP-PB', 'EVRG', 'NI-PB', 'WTRG', 'BIP', 'EBR-B', 'EBR', 'AGR']"
289,ALXN,"['DXCM', 'BIIB', 'BNTX', 'IDXX', 'BGNE', 'WBA', 'ALGN', 'SGEN', 'RPRX', 'GMAB']"
290,COTY,"['POST', 'PFGC', 'GOTU', 'ACI', 'USFD', 'INGR', 'BJ', 'KOF', 'HLF', 'FLO']"
291,MA,"['BAC', 'JPM', 'V', 'WFC', 'MS', 'RY', 'SCHW', 'BLK', 'TD']"
292,AWI,"['AL', 'FCN', 'STN', 'GTES', 'SSD', 'CLH', 'MSM', 'R', 'NVT', 'SNDR']"
293,ADP,"['CSX', 'CTAS', 'PAYX', 'PCAR', 'ODFL', 'FAST', 'CPRT', 'VRSK', 'RYAAY', 'EXPD']"
294,BBVA,"['AFL', 'ALL', 'MSCI', 'MFG', 'TRV', 'DFS', 'MFC', 'BBD', 'BBDO', 'RKT']"
295,MNST,"['KHC', 'DLTR', 'NWL', 'MDLZ', 'CASY', 'BUFF', 'FRPT', 'BYND', 'PPC', 'OLLI']"
296,AER,"['LPX', 'BLD', 'AZEK', 'RBA', 'IAA', 'ADT', 'VRT', 'KNX', 'WMS', 'DCI']"
297,GTN,"['GTN-A', 'UZA', 'TEO', 'MSGE', 'OIBR-C', 'DLX', 'MAX', 'FUBO', 'CNK', 'MDP']"
298,CDE,"['OR', 'PVG', 'CMP', 'CSTM', 'HBM', 'UFS', 'PQG', 'EVA', 'KRO', 'EGO']"
299,NCR,"['CACI', 'SNX', 'COMP', 'VNT', 'CLGX', 'DV', 'AI', 'SMAR', 'DQ', 'OCFT']"
300,AMT,"['PLD', 'CCI', 'BEKE', 'SPG-PJ', 'PSA', 'DLR', 'SPG', 'WELL', 'WY', 'CBRE']"
301,PSTG,"['SWI', 'SAIC', 'AYX', 'DAVA', 'QTWO', 'OCFT', 'DQ', 'AI', 'VZIO', 'FSLY']"
302,SJM,"['CPB', 'SAM', 'NTCO', 'BG', 'TAP-A', 'TAP', 'CHGG', 'DAR', 'LW', 'CAG']"
303,ETN,"['GPN', 'NOC', 'WM', 'EMR', 'GD', 'CP', 'TRI', 'JCI', 'ROP', 'INFO']"
304,DUK,"['SO', 'DUK-PA', 'D', 'DCUE', 'NGG', 'AEP', 'SRE', 'PEG', 'WEC', 'ES']"
305,CL,"['DG', 'KDP', 'BTI', 'ABEV', 'STZ-B', 'STZ', 'MO', 'KMB', 'SYY', 'GIS']"
306,IDRA,"['BMRA', 'OPNT', 'QLGN', 'WINT', 'RZLT', 'SSKN', 'SLRX', 'ONVO', 'IKT', 'AQXP']"
307,KAR,"['SAH', 'MHO', 'BOOT', 'LZB', 'VSTO', 'AEVA', 'MTOR', 'BKE', 'DDS', 'GES']"
308,NEE,"['DUK', 'SO', 'DUK-PA', 'D', 'DCUE', 'NGG', 'AEP', 'SRE', 'PEG', 'WEC']"
309,PXD,"['CNQ', 'KMI', 'MPC', 'PSX', 'E', 'SLB', 'SU', 'EOG', 'VLO', 'TRP']"
310,ADM,"['GIS', 'BF-A', 'BF-B', 'HSY', 'TAL', 'SYY', 'KMB', 'TSN', 'FMX', 'KR']"
311,VTR,"['INVH', 'EXR', 'ESS', 'SUI', 'PEAK', 'MAA', 'DRE', 'BXP', 'VICI', 'O']"
312,VMW,"['ABB', 'DELL', 'SNOW', 'INFY', 'UBER', 'TEL', 'HPQ', 'FIS', 'APH']"
313,RIGL,"['ACHL', 'ALBO', 'CORI', 'ICPT', 'AWH', 'CUTR', 'IVA', 'MIRM', 'OTRK', 'CLVS']"
314,DKS,"['THO', 'SKX', 'YETI', 'H', 'HBI', 'TPX', 'BFAM', 'TOL', 'LEG', 'HOG']"
315,WTI,"['SBR', 'BTU', 'REX', 'SOI', 'TNK', 'LPI', 'HMLP', 'GLOG', 'CEIX', 'HESM']"
316,LRCX,"['AMD', 'MU', 'FISV', 'INTU', 'ADSK', 'ADI', 'AMAT', 'WDAY', 'TEAM', 'NXPI']"
317,NXPI,"['TEAM', 'WDAY', 'ADI', 'COIN', 'KLAC', 'ADSK', 'ERIC', 'CRWD', 'MCHP', 'CTSH']"
318,CE,"['ALB', 'WPM', 'AVTR', 'SUZ', 'EMN', 'AEM', 'AVTR-PA', 'FMC', 'JHX', 'SQM']"
319,HUN,"['MDU', 'OLN', 'X', 'AA', 'TX', 'BAK', 'EXP', 'AXTA', 'APA', 'ESI']"
320,CSTM,"['HBM', 'UFS', 'CMP', 'OR', 'CDE', 'BVN', 'TSE', 'PVG', 'LTHM', 'PQG']"
321,VER,"['FRT-PC', 'JLL', 'AMH', 'COLD', 'IRM', 'VER-PF', 'CPT', 'STOR', 'NNN-PF', 'MGP']"
322,GPK,"['M', 'TNL', 'ELY', 'YSG', 'KBH', 'ALSN', 'CRI', 'AEO', 'GOOS', 'JWN']"
323,WELL,"['WY', 'CBRE', 'EQR', 'AVB', 'ARE', 'O', 'SPG', 'VTR', 'INVH', 'DLR']"
324,TJX,"['GM', 'CPNG', 'NIO', 'CCZ', 'STLA', 'HMC', 'RACE', 'F', 'LVS', 'CVNA']"
325,PLD,"['CCI', 'AMT', 'BEKE', 'SPG-PJ', 'PSA', 'DLR', 'SPG', 'WELL', 'WY', 'CBRE']"
326,KSS,"['ARMK', 'DECK', 'SCI', 'UAA', 'UA', 'LAD', 'RL', 'BERY', 'ATR', 'ALV']"
327,XEC,"['OVV', 'COG', 'PAA', 'NOV', 'CCJ', 'PSXP', 'WES', 'VVV', 'SHLX', 'HFC']"
328,DRI,"['LB', 'NVR', 'ROL', 'VIPS', 'AMCR', 'GPC', 'MGM', 'DPZ', 'PHM', 'KMX']"
329,ENDP,"['ALEC', 'CGEM', 'AUPH', 'TBPH', 'PTGX', 'PGEN', 'FMTX', 'SNDL', 'KIDS', 'CMPS']"
330,ATI,"['MIC', 'ENR-PA', 'JELD', 'DY', 'ACA', 'FLOW', 'FIX', 'WBT', 'DOOR', 'BRC']"
331,IAG,"['LAC', 'SAND', 'MTRN', 'SWM', 'FOE', 'NEXA', 'SA', 'OEC', 'RFP', 'LOMA']"
332,VFC,"['HLT', 'YUM', 'AZO', 'DHI', 'LEN-B', 'LEN', 'CCL', 'W', 'BBY', 'CMG']"
333,BDN,"['PGRE', 'ABR', 'PDM', 'SITC-PK', 'UE', 'XHR', 'MAC', 'DRH', 'ARI', 'AAT']"
334,HON,"['UNP', 'BA', 'CAT', 'RTX', 'UPS', 'DE', 'MMM', 'GE', 'LMT', 'FDX']"
335,YNDX,"['FOX', 'FOXA', 'DISH', 'SIRI', 'VIACA', 'VIAC', 'TTWO', 'WMG', 'DISCB']"
336,GOOGL,"['GOOG', 'FB', 'CMCSA', 'NFLX', 'TMUS', 'CHTR', 'ABNB', 'ZM', 'ATVI', 'NTES']"
337,ICE,"['BX', 'BMO', 'MCO', 'SAN', 'PGR', 'MMC', 'MET', 'AON', 'MUFG', 'PUK']"
338,OMER,"['PNTG', 'PAHC', 'MDXG', 'RYTM', 'TCMD', 'CRTX', 'PRAN', 'RNLX', 'DVAX', 'PRAX']"
339,WY,"['CBRE', 'WELL', 'EQR', 'AVB', 'ARE', 'O', 'VTR', 'INVH', 'EXR', 'SPG']"
340,BLL,"['MGA', 'CHWY', 'BBY', 'W', 'CCL', 'LEN', 'LEN-B', 'AZO', 'CUK', 'YUMC']"
341,CGNX,"['AFRM', 'BSY', 'GDS', 'OTEX', 'NICE', 'CTXS', 'NUAN', 'NLOK', 'PTC', 'JKHY']"
342,AMGN,"['SNY', 'ISRG', 'GILD', 'MRNA', 'ILMN', 'VRTX', 'REGN', 'ALGN', 'WBA', 'IDXX']"
343,FSLR,"['FLIR', 'CNXC', 'EEFT', 'MANH', 'BRKS', 'AZPN', 'LAZR', 'LSCC', 'RP', 'KC']"
344,IVZ,"['CNA', 'LNC', 'FNF', 'FDS', 'APO-PA', 'APO', 'APO-PB', 'ATH', 'WRB', 'BCH']"
345,DG,"['KDP', 'ABEV', 'STZ-B', 'STZ', 'KMB', 'SYY', 'GIS', 'ADM', 'CL', 'BF-A']"
346,SID,"['WLK', 'ACH', 'SMG', 'TECK', 'SBSW', 'CX', 'RPM', 'MOS', 'VEDL', 'SQM']"
347,SLM,"['SSB', 'JSM', 'BPOP', 'BOKF', 'PBCTP', 'PNFP', 'FFIN', 'CACC', 'VLY', 'GBCI']"
348,SLCA,"['PARR', 'FI', 'CKH', 'GLP', 'NEX', 'GLOP-PB', 'GLOP-PC', 'MRC', 'GPRK', 'VEI']"
349,SGU,"['DSSI', 'TTI', 'CEIX', 'LPI', 'OIS', 'TNK', 'FTSI', 'SOI', 'NOA', 'REX']"
350,ODP,"['THRM', 'NIU', 'MNRO', 'GRWG', 'DFH', 'BZUN', 'WW', 'FLWS', 'MMYT', 'BLMN']"
351,PK,"['CUZ', 'RYN', 'SLG', 'SRC', 'COR', 'DCT', 'NRZ', 'DEI', 'STAG', 'EQC-PD']"
352,TLGT,"['POAI', 'GBS', 'PULM', 'EVOK', 'SNGX', 'MBOT', 'ARPO', 'MOTS', 'NBRV', 'FWP']"
353,TOL,"['BFAM', 'PVH', 'AN', 'THO', 'DKS', 'SEE', 'SKX', 'YETI', 'PII']"
354,PDCO,"['CLOV', 'PRVA', 'ALKS', 'ATRC', 'SANA', 'AHCO', 'NUVA', 'KRTX', 'ACAD', 'INSM']"
355,Z,"['ZG', 'LBRDK', 'LBRDA', 'VIAC', 'VIACA', 'SIRI', 'DISH', 'YNDX', 'FOX', 'FOXA']"
356,BCO,"['BE', 'KEX', 'AIT', 'ARNC', 'ENS', 'ATKR', 'TEX', 'SAVE', 'IBP', 'AJRD']"
357,CME,"['TROW', 'WLTW', 'SIVB', 'FITB', 'IBKR', 'HBANN', 'NDAQ', 'XP', 'NTRS', 'FITBI']"
358,BKD,"['ZYME', 'NFH', 'AAC', 'CRY', 'USPH', 'RAD', 'MYOV', 'HNGR', 'EVH', 'ACB']"
359,PPBI,"['WTFC', 'HWC', 'UMPQ', 'BHF', 'BHFAP', 'EBC', 'ESGRP', 'SIGI', 'HOMB', 'UMBF']"
360,AIV,"['RPT', 'RC', 'BFS', 'INN', 'TRTX', 'FPH', 'CXW', 'RMAX', 'UMH', 'SRG']"
361,EXC,"['XEL', 'LNT', 'NFE', 'AY', 'MGEE', 'OTTR', 'MSEX', 'YORW', 'CDZI', 'SPKEP']"
362,TAP,"['TAP-A', 'BG', 'NTCO', 'SAM', 'CHGG', 'DAR', 'LW', 'SJM', 'CPB', 'KOF']"
363,MON,"['ODC', 'CINR', 'IPI', 'KLDX', 'TREC', 'LXU', 'ITRG', 'SPPP', 'VNTR', 'CGA']"
364,UNP,"['HON', 'BA', 'CAT', 'RTX', 'DE', 'MMM', 'GE', 'UPS', 'LMT', 'FDX']"
365,BDX,"['HCA', 'BSX', 'HUM', 'ZTS', 'EW', 'TAK', 'PHG', 'CI', 'IQV', 'GSK']"
366,GME,"['LEA', 'FND', 'LEVI', 'QS', 'NCLH', 'ATR', 'RL', 'LAD', 'MTN', 'UA']"
367,MX,"['BHE', 'HIPR', 'CTS', 'DBD', 'CLS', 'WFH', 'VCRA', 'LINX', 'MODN', 'BW']"
368,RLJ,"['NSA-PA', 'RPAI', 'SHO', 'LXP-PC', 'JOE', 'MAC', 'KW', 'SITC-PK', 'BNL', 'ABR']"
369,LB,"['DRI', 'NVR', 'VIPS', 'AMCR', 'ROL', 'GPC', 'MGM', 'DPZ', 'KMX', 'PHM']"
370,NCLH,"['ATR', 'RL', 'LAD', 'UA', 'UAA', 'KSS', 'ARMK', 'DECK', 'GME', 'SCI']"
371,NOV,"['PAA', 'COG', 'OVV', 'XEC', 'VVV', 'SHLX', 'HFC', 'EQT', 'CCJ', 'PSXP']"
372,CNDT,"['DCBO', 'SPNS', 'TTMI', 'ICHR', 'CMBM', 'NNDM', 'GPRO', 'CSGS', 'SITM', 'SYKE']"
373,LMT,"['GE', 'MMM', 'DE', 'RTX', 'CAT', 'FDX', 'CNI', 'BA', 'ITW', 'NSC']"
374,MTZ,"['TFII', 'DCI', 'WMS', 'KNX', 'VRT', 'ALK', 'ADT', 'ITT', 'IAA', 'HII']"
375,WEN,"['LESL', 'QRTEB', 'SLGN', 'SGMS', 'DSEY', 'DRVN', 'VRM', 'GT', 'DADA', 'LGIH']"
376,GPS,"['AAP', 'IHG', 'BWA', 'TPR', 'MTN', 'WSM', 'QS', 'LEVI', 'PKG', 'TTM']"
377,SYY,"['KMB', 'STZ', 'STZ-B', 'ABEV', 'GIS', 'ADM', 'KDP', 'BF-A', 'BF-B', 'DG']"
378,CEF,"['FNB', 'CBU', 'STL-PA', 'APAM', 'AB', 'MSP', 'RDN', 'BKU', 'NEA', 'LDI']"
379,FTV,"['CAJ', 'U', 'ANET', 'WORK', 'UMC', 'HUBS', 'FLT', 'RNG', 'EPAM', 'FTV-PA']"
380,BKI,"['BILL', 'AVLR', 'CDAY', 'DT', 'GDDY', 'TUYA', 'PSFE', 'ESTC', 'ST', 'PAGS']"
381,CTSH,"['MCHP', 'DOCU', 'SNPS', 'CRWD', 'OKTA', 'CDNS', 'FTNT', 'ERIC', 'MB', 'TTD']"
382,HOLX,"['GRFS', 'VTRS', 'TECH', 'PPD', 'TXG', 'EXAS', 'PODD', 'INCY', 'ALNY', 'XRAY']"
383,EIX,"['PPL', 'ETR', 'AEE', 'FTS', 'FE', 'PCG', 'CMS', 'DUKH', 'ED', 'AES']"
384,CTXS,"['NUAN', 'NICE', 'PTC', 'ENTG', 'MPWR', 'MDB', 'AFRM', 'CHKP', 'WIX', 'CGNX']"
385,CPE,"['CEQP', 'PAGP', 'DK', 'EURN', 'NS', 'PBF', 'CRC', 'DKL', 'INT', 'SM']"
386,CF,"['RS', 'RPM', 'GGB', 'CX', 'KL', 'ACH', 'CLF', 'SID', 'WLK', 'SMG']"
387,PNC,"['TFC', 'USB-PP', 'CB', 'BNS', 'USB', 'SPGI', 'WBK', 'BAM', 'COF', 'MUFG']"
388,SABR,"['RPD', 'SMTC', 'ALRM', 'SPWR', 'EVBG', 'ITRI', 'TENB', 'JAMF', 'MTSI', 'CRUS']"
389,WIT,"['GLW', 'PLTR', 'PATH', 'APH', 'MSI', 'STM', 'PANW', 'HPQ', 'TEL', 'NOK']"
390,LYB,"['CRH', 'IFF', 'CTVA', 'NTR', 'MT', 'GOLD', 'PPG', 'DD', 'NUE', 'FNV']"
391,DISH,"['SIRI', 'VIACA', 'VIAC', 'YNDX', 'FOX', 'FOXA', 'ZG', 'Z', 'TTWO']"
392,MGA,"['BLL', 'CHWY', 'BBY', 'W', 'CCL', 'LEN', 'LEN-B', 'CUK', 'AZO', 'YUMC']"
393,AEO,"['JWN', 'YSG', 'CHH', 'ARD', 'TMX', 'FL', 'ELY', 'TNL', 'PLNT', 'M']"
394,BP,"['ENB', 'SNP', 'COP', 'EQNR', 'PBR-A', 'PTR', 'TOT', 'CEO', 'EPD']"
395,XEL,"['EXC', 'LNT', 'NFE', 'AY', 'MGEE', 'OTTR', 'MSEX', 'YORW', 'CDZI', 'SPKEP']"
396,NTNX,"['APPS', 'MSTR', 'SLAB', 'JCOM', 'BL', 'APPN', 'LITE', 'COHR', 'NCNO', 'NATI']"
397,VVV,"['SHLX', 'HFC', 'EQT', 'DCP', 'SHI', 'CHX', 'NOV', 'CHK', 'PAA', 'NFG']"
398,HQY,"['OMCL', 'IART', 'LHCG', 'IBRX', 'SRPT', 'MEDP', 'STAA', 'RCM', 'LOXO', 'DNLI']"
399,ARCC,"['FCNCA', 'PBCT', 'SEIC', 'CBSH', 'UPST', 'TCF', 'CACC', 'ZION', 'FFIN', 'PNFP']"
400,UPS,"['HON', 'UNP', 'BA', 'CAT', 'RTX', 'DE', 'MMM', 'GE', 'LMT', 'FDX']"
401,MUR,"['CNX', 'MGY', 'SWN', 'RRC', 'HP', 'AR', 'WHD', 'MTDR', 'ETRN', 'LBRT']"
402,VMC,"['PKX', 'MLM', 'FNV', 'NUE', 'WPM', 'CE', 'ALB', 'AVTR', 'SUZ', 'EMN']"
403,NOMD,"['FLO', 'HLF', 'COUR', 'SPB', 'BJ', 'INGR', 'CCU', 'GHC', 'BRFS', 'GOTU']"
404,ANTM,"['SYK', 'GSK', 'CI', 'CVS', 'ZTS', 'BDX', 'HCA', 'BSX', 'HUM', 'EW']"
405,SFIX,"['WING', 'FTDR', 'NKLA', 'RRR', 'LGIH', 'GT', 'EYE', 'DRVN', 'SLGN', 'CBRL']"
406,GD,"['EMR', 'CP', 'ETN', 'GPN', 'NOC', 'WM', 'TRI', 'JCI', 'ROP', 'INFO']"
407,KIM,"['AMH-PH', 'MGP', 'NNN-PF', 'STOR', 'FRT', 'VER-PF', 'COLD', 'VNO', 'KIM-PM', 'KIM-PL']"
408,FNF,"['LNC', 'APO-PA', 'APO', 'CNA', 'IVZ', 'APO-PB', 'FDS', 'WRB', 'ATH', 'EQH']"
409,BXMT,"['HIW', 'EQC-PD', 'ADC', 'HR', 'TRNO', 'IIPR', 'NRZ', 'QTS', 'RHP', 'NREF-PA']"
410,NWS,"['NWSA', 'LBTYA', 'LBTYK', 'LBTYB', 'LSXMA', 'LSXMK', 'LSXMB', 'DISCA', 'DISCB']"
411,CHD,"['CLX', 'K', 'MKC', 'MKC-V', 'CAG', 'EDU', 'HRL', 'CCEP', 'CPB', 'SJM']"
412,DLR,"['SPG', 'PSA', 'WELL', 'WY', 'CBRE', 'EQR', 'AVB', 'SPG-PJ', 'ARE', 'O']"
413,IP,"['YUMC', 'CUK', 'BURL', 'RCL', 'XPEV', 'QSR', 'KMX', 'MGM', 'GPC', 'AMCR']"
414,CLI,"['LADR', 'MMI', 'LTC', 'ABR-PC', 'ABR-PB', 'BRMK', 'ALX', 'GTY', 'IRT', 'MNR-PC']"
415,SE,"['SNAP', 'TWLO', 'RELX', 'AMX', 'AMOV', 'SPOT', 'BCE', 'TWTR', 'DASH', 'PINS']"
416,CC,"['ESI', 'ASH', 'EXP', 'AVNT', 'AUY', 'MP', 'GRA', 'MDU', 'HUN', 'KWR']"
417,DAN,"['GOLF', 'SIX', 'MUSA', 'HGV', 'SHAK', 'ABG', 'IGT', 'KTB', 'LCII', 'CWH']"
418,ZBH,"['ALC', 'VEEV', 'MCK', 'A', 'CNC', 'MTD', 'RMD', 'BAX', 'LH', 'IQV']"
419,NVAX,"['ABMD', 'ARGX', 'GDRX', 'GH', 'MASI', 'ICLR', 'BMRN', 'ZLAB', 'HSIC', 'PRAH']"
420,LPX,"['BLD', 'RBA', 'AER', 'AZEK', 'TKR', 'IAA', 'AYI', 'EME', 'ADT', 'VRT']"
421,BBY,"['BLL', 'MGA', 'CHWY', 'W', 'CCL', 'LEN', 'LEN-B', 'AZO', 'HLT', 'CUK']"
422,GRUB,"['SKLZ', 'KT', 'FVRR', 'PHI', 'TIMB', 'TV', 'MBT', 'NYT', 'ZH', 'MSGS']"
423,BG,"['TAP-A', 'TAP', 'NTCO', 'SAM', 'CHGG', 'DAR', 'LW', 'SJM', 'CPB', 'KOF']"
424,LC,"['BST', 'BTZ', 'PRA', 'BBN', 'NFJ', 'IPOF', 'HYT', 'FCF', 'ENVA', 'BXMX']"
425,PWR,"['SNA', 'ZNH', 'HWM', 'GGG', 'LII', 'ALLE', 'TREX', 'TXT', 'TTC', 'WAB']"
426,TNDM,"['KOD', 'SWAV', 'IONS', 'QDEL', 'ALLK', 'NEOG', 'BPMC', 'GLPG', 'VIR', 'PACB']"
427,DXCM,"['ALXN', 'BGNE', 'BIIB', 'SGEN', 'BNTX', 'RPRX', 'GMAB', 'CERN', 'IDXX', 'WBA']"
428,NTCT,"['PRGS', 'DSP', 'DOMO', 'COHU', 'TLS', 'CAN', 'TLND', 'SMCI', 'INFN', 'SUMO']"
429,NYMT,"['ILPT', 'SVC', 'OPI', 'NYMTN', 'NYMTP', 'NYMTO', 'ROIC', 'CTRE', 'AFINP', 'GOODN']"
430,NEM,"['DOW', 'SCCO', 'DD', 'APD', 'FCX', 'PPG', 'ECL', 'GOLD', 'CRH', 'LYB']"
